
{
  "name": "patients",
  "options": {
    "validator": {
      "$jsonSchema": {
        "bsonType": "object",
        "required": ["patientId", "name", "phone", "age", "gender", "createdAt"],
        "properties": {
          "patientId": {
            "bsonType": "string",
            "description": "Unique patient identifier"
          },
          "name": {
            "bsonType": "string",
            "description": "Patient full name"
          },
          "phone": {
            "bsonType": "string",
            "description": "Patient contact number"
          },
          "email": {
            "bsonType": "string",
            "description": "Patient email address"
          },
          "age": {
            "bsonType": "int",
            "minimum": 0,
            "maximum": 150,
            "description": "Patient age"
          },
          "gender": {
            "bsonType": "string",
            "enum": ["male", "female", "other"],
            "description": "Patient gender"
          },
          "address": {
            "bsonType": "string",
            "description": "Patient address"
          },
          "medicalHistory": {
            "bsonType": "string",
            "description": "Patient medical history"
          },
          "allergies": {
            "bsonType": "string",
            "description": "Patient allergies"
          },
          "bloodGroup": {
            "bsonType": "string",
            "enum": ["A+", "A-", "B+", "B-", "AB+", "AB-", "O+", "O-"],
            "description": "Patient blood group"
          },
          "emergencyContact": {
            "bsonType": "string",
            "description": "Emergency contact number"
          },
          "status": {
            "bsonType": "string",
            "enum": ["active", "inactive"],
            "description": "Patient status"
          },
          "creator": {
            "bsonType": "string",
            "description": "Creator of the record"
          },
          "createdAt": {
            "bsonType": "string",
            "title": "datetime",
            "description": "ISO 8601 datetime string (UTC): YYYY-MM-DDTHH:mm:ss.sssZ"
          },
          "updatedAt": {
            "bsonType": "string",
            "title": "datetime",
            "description": "ISO 8601 datetime string (UTC): YYYY-MM-DDTHH:mm:ss.sssZ"
          }
        },
        "additionalProperties": true
      }
    },
    "validationLevel": "moderate",
    "validationAction": "warn"
  }
}
