
{
  "name": "tokens",
  "options": {
    "validator": {
      "$jsonSchema": {
        "bsonType": "object",
        "required": ["tokenNumber", "patientId", "date", "status", "createdAt"],
        "properties": {
          "tokenNumber": {
            "bsonType": "string",
            "description": "Generated token number"
          },
          "patientId": {
            "bsonType": "string",
            "description": "Associated patient ID"
          },
          "patientName": {
            "bsonType": "string",
            "description": "Patient name for quick reference"
          },
          "date": {
            "bsonType": "string",
            "title": "datetime",
            "description": "Token date"
          },
          "timeSlot": {
            "bsonType": "string",
            "description": "Appointment time slot"
          },
          "department": {
            "bsonType": "string",
            "enum": ["general", "cardiology", "orthopedics", "dermatology", "pediatrics", "gynecology"],
            "description": "Department for consultation"
          },
          "doctorId": {
            "bsonType": "string",
            "description": "Assigned doctor ID"
          },
          "priority": {
            "bsonType": "string",
            "enum": ["normal", "urgent", "emergency"],
            "description": "Token priority"
          },
          "status": {
            "bsonType": "string",
            "enum": ["waiting", "in_progress", "completed", "cancelled"],
            "description": "Token status"
          },
          "notes": {
            "bsonType": "string",
            "description": "Additional notes"
          },
          "creator": {
            "bsonType": "string",
            "description": "Creator of the token"
          },
          "createdAt": {
            "bsonType": "string",
            "title": "datetime",
            "description": "ISO 8601 datetime string (UTC): YYYY-MM-DDTHH:mm:ss.sssZ"
          },
          "updatedAt": {
            "bsonType": "string",
            "title": "datetime",
            "description": "ISO 8601 datetime string (UTC): YYYY-MM-DDTHH:mm:ss.sssZ"
          }
        },
        "additionalProperties": true
      }
    },
    "validationLevel": "moderate",
    "validationAction": "warn"
  }
}
